Time [s]	Sensor 1: BME280 @I2C [°C]	Sensor 2: DS18B20 @GPIO [°C]	Sensor 3: DS18B20 @GPIO [°C]	Sensor 4: DS18B20 @GPIO [°C]	Sensor 5: OPUS20 @LAN [°C]
7.06	24.633975367830136	24.9375	24.875	24.625	24.91187858581543
10.98	24.633975367830136	24.9375	24.875	24.6875	24.91187858581543
14.74	24.6493672876677	25.0625	24.875	24.6875	24.91187858581543
18.58	24.618583450611915	25.0	24.875	24.6875	24.908199310302734
22.42	24.633975367830136	25.0	24.875	24.6875	24.908199310302734
26.2	24.623714089393616	25.0	24.875	24.6875	24.908199310302734
29.96	24.61345281212125	25.0	24.875	24.6875	24.908199310302734
33.74	24.59293026106898	25.0	24.875	24.6875	24.908199310302734
37.58	24.618583450611915	25.0	24.875	24.6875	24.908199310302734
41.34	24.623714089393616	25.0	24.875	24.6875	24.908199310302734
45.19	24.64423664743081	25.0	24.875	24.6875	24.908199310302734
49.01	24.633975367830136	25.0	24.875	24.6875	24.908199310302734
52.78	24.623714089393616	25.0	24.875	24.6875	24.908199310302734
56.52	24.628844728466355	25.0625	24.875	24.6875	24.908199310302734
60.31	24.623714089393616	25.0625	24.875	24.6875	24.908199310302734
64.15	24.633975367830136	24.9375	24.875	24.6875	24.908199310302734
67.97	24.6493672876677	25.0625	24.875	24.6875	24.908199310302734
71.77	24.66475921012461	25.0625	24.875	24.6875	24.908199310302734
75.56	24.65449792819563	25.0625	24.875	24.6875	24.919578552246094
79.34	24.65449792819563	25.0	24.875	24.6875	24.919578552246094
83.19	24.65449792819563	25.0	24.875	24.6875	24.919578552246094
87.02	24.68528177747503	25.0625	24.875	24.6875	24.919578552246094
90.77	24.68528177747503	25.0	24.875	24.6875	24.919578552246094
94.56	24.680151135200866	25.0	24.875	24.6875	24.919578552246094
98.35	24.69041242004023	25.0	24.875	24.6875	24.919578552246094
102.15	24.69554306289647	25.0625	24.875	24.6875	24.919578552246094
105.99	24.721196281543236	25.0	24.875	24.6875	24.919578552246094
109.84	24.710934993211414	24.9375	24.875	24.6875	24.919578552246094
113.64	24.705804349482058	25.0625	24.875	24.6875	24.919578552246094
117.43	24.68528177747503	25.0	24.875	24.6875	24.919578552246094
121.3	24.680151135200866	25.0	24.875	24.6875	24.919578552246094
125.12	24.705804349482058	25.0625	24.875	24.6875	24.919578552246094
128.98	24.705804349482058	25.0	24.875	24.6875	24.919578552246094
132.81	24.705804349482058	25.0625	24.875	24.6875	24.919578552246094
136.73	24.700673706043744	25.0625	24.9375	24.6875	24.9158992767334
140.56	24.721196281543236	25.0	24.875	24.6875	24.9158992767334
144.38	24.721196281543236	25.0	24.9375	24.6875	24.9158992767334
148.24	24.721196281543236	25.0	24.875	24.6875	24.9158992767334
152.06	24.705804349482058	25.0	24.9375	24.6875	24.9158992767334
155.91	24.700673706043744	25.0625	24.9375	24.6875	24.9158992767334
159.76	24.705804349482058	25.0	24.9375	24.6875	24.9158992767334
163.59	24.69041242004023	25.0625	24.9375	24.6875	24.9158992767334
167.42	24.69041242004023	25.0	24.9375	24.6875	24.9158992767334
171.19	24.66988985152566	25.0625	24.9375	24.6875	24.9158992767334
175.03	24.66475921012461	25.0	24.875	24.6875	24.9158992767334
178.85	24.66475921012461	25.0625	24.9375	24.6875	24.9158992767334
182.61	24.675020493217744	25.0	24.9375	24.6875	24.9158992767334
186.4	24.705804349482058	25.0625	24.9375	24.75	24.9158992767334
190.22	24.705804349482058	25.0	24.9375	24.6875	24.9158992767334
194.08	24.716065637231804	25.0	24.9375	24.75	24.9158992767334
197.91	24.710934993211414	25.0625	24.9375	24.75	24.927270889282227
201.75	24.705804349482058	25.0625	24.9375	24.6875	24.927270889282227
205.65	24.705804349482058	25.0	24.9375	24.75	24.927270889282227
209.39	24.716065637231804	25.0625	24.9375	24.6875	24.927270889282227
213.19	24.705804349482058	25.0	24.9375	24.75	24.927270889282227
217.05	24.680151135200866	25.0625	24.9375	24.75	24.927270889282227
220.88	24.66475921012461	25.0625	24.9375	24.75	24.927270889282227
224.7	24.68528177747503	25.0	24.9375	24.75	24.927270889282227
228.5	24.675020493217744	25.0	24.9375	24.75	24.927270889282227
232.31	24.675020493217744	25.0625	24.9375	24.75	24.927270889282227
236.17	24.680151135200866	25.0	24.9375	24.75	24.927270889282227
239.96	24.66475921012461	25.0625	24.9375	24.75	24.927270889282227
243.76	24.675020493217744	25.0625	24.9375	24.75	24.927270889282227
247.59	24.675020493217744	25.0625	24.9375	24.75	24.927270889282227
251.44	24.675020493217744	25.0	24.9375	24.75	24.927270889282227
255.27	24.69554306289647	25.0625	24.9375	24.75	24.92359161376953
259.11	24.68528177747503	25.0625	24.9375	24.75	24.92359161376953
262.97	24.700673706043744	25.0	24.9375	24.75	24.92359161376953
266.79	24.68528177747503	25.0625	24.9375	24.75	24.92359161376953
270.63	24.680151135200866	25.0	24.9375	24.75	24.92359161376953
274.45	24.69554306289647	25.0	24.9375	24.75	24.92359161376953
278.25	24.705804349482058	25.0	24.9375	24.75	24.92359161376953
282.09	24.705804349482058	25.0625	24.9375	24.75	24.92359161376953
285.91	24.716065637231804	25.0625	24.9375	24.75	24.92359161376953
289.8	24.710934993211414	25.0625	24.875	24.75	24.92359161376953
293.57	24.705804349482058	25.0625	24.9375	24.75	24.92359161376953
297.36	24.705804349482058	25.0625	24.875	24.75	24.92359161376953
301.17	24.69554306289647	25.0	24.875	24.75	24.92359161376953
304.96	24.675020493217744	25.0	24.875	24.6875	24.92359161376953
308.78	24.66475921012461	25.0	24.875	24.75	24.92359161376953
312.64	24.65449792819563	25.0625	24.875	24.75	24.92359161376953
316.48	24.623714089393616	25.0625	24.875	24.75	24.93865203857422
320.29	24.63910600748495	25.0625	24.875	24.6875	24.93865203857422
324.07	24.633975367830136	25.0	24.875	24.75	24.93865203857422
327.93	24.63910600748495	25.0625	24.875	24.6875	24.93865203857422
331.74	24.63910600748495	25.0625	24.875	24.6875	24.93865203857422
335.6	24.65449792819563	25.0625	24.875	24.6875	24.93865203857422
339.44	24.64423664743081	25.0	24.875	24.6875	24.93865203857422
343.27	24.6493672876677	25.0	24.875	24.75	24.93865203857422
347.1	24.65449792819563	25.0625	24.875	24.75	24.93865203857422
350.95	24.66475921012461	25.0	24.875	24.6875	24.93865203857422
354.78	24.65449792819563	25.0	24.875	24.6875	24.93865203857422
358.62	24.65449792819563	25.0	24.875	24.6875	24.93865203857422
362.45	24.65449792819563	25.0	24.875	24.6875	24.93865203857422
366.25	24.69041242004023	25.125	24.875	24.6875	24.93865203857422
370.12	24.69554306289647	25.0	24.875	24.75	24.93865203857422
373.97	24.675020493217744	25.0	24.875	24.75	24.93865203857422
377.74	24.675020493217744	25.0625	24.875	24.75	24.9650821685791
381.59	24.65449792819563	25.0	24.875	24.75	24.9650821685791
385.43	24.64423664743081	25.0	24.875	24.75	24.9650821685791
389.3	24.6493672876677	25.0	24.875	24.75	24.9650821685791
393.1	24.66475921012461	25.0	24.875	24.75	24.9650821685791
396.94	24.65449792819563	25.0	24.875	24.75	24.9650821685791
400.8	24.66475921012461	25.0	24.875	24.75	24.9650821685791
404.65	24.659628569014604	25.0	24.875	24.75	24.9650821685791
408.49	24.65449792819563	25.0	24.875	24.75	24.9650821685791
412.3	24.66475921012461	25.0	24.9375	24.75	24.9650821685791
416.17	24.633975367830136	25.0	24.9375	24.75	24.9650821685791
420.0	24.623714089393616	25.0	24.9375	24.75	24.9650821685791
423.81	24.623714089393616	24.9375	24.9375	24.75	24.9650821685791
427.59	24.61345281212125	25.0	24.9375	24.75	24.9650821685791
431.43	24.603191536013036	24.9375	24.9375	24.75	24.9650821685791
435.26	24.628844728466355	25.0	24.9375	24.75	24.99150848388672
439.08	24.633975367830136	25.0625	24.9375	24.75	24.99150848388672
442.96	24.633975367830136	25.125	24.875	24.75	24.99150848388672
446.77	24.628844728466355	25.3125	24.875	24.75	24.99150848388672
450.62	24.61345281212125	25.5625	24.875	24.75	24.99150848388672
454.56	24.623714089393616	25.8125	24.875	24.75	24.99150848388672
458.5	24.608322173921625	26.125	24.875	24.75	24.99150848388672
462.34	24.618583450611915	26.5	24.875	24.75	24.99150848388672
466.19	24.61345281212125	26.875	24.875	24.75	24.99150848388672
470.03	24.623714089393616	27.375	24.875	24.75	24.99150848388672
473.85	24.618583450611915	27.75	24.875	24.75	24.99150848388672
477.72	24.603191536013036	28.25	24.875	24.75	24.99150848388672
481.61	24.587799624033504	28.8125	24.875	24.75	24.99150848388672
485.48	24.587799624033504	29.3125	24.875	24.75	24.99150848388672
489.37	24.603191536013036	29.8125	24.875	24.75	24.99150848388672
493.38	24.598060898395488	30.3125	24.875	24.75	24.99150848388672
497.3	24.577538350835674	30.8125	24.875	24.75	24.987829208374023
501.13	24.577538350835674	31.375	24.875	24.75	24.987829208374023
504.97	24.582668987289072	31.8125	24.875	24.75	24.987829208374023
508.83	24.567277078802	32.375	24.875	24.75	24.987829208374023
512.66	24.582668987289072	32.8125	24.875	24.6875	24.987829208374023
516.51	24.608322173921625	33.3125	24.875	24.75	24.987829208374023
520.34	24.603191536013036	33.75	24.875	24.75	24.987829208374023
524.21	24.572407714673318	34.25	24.875	24.75	24.987829208374023
528.02	24.572407714673318	34.6875	24.875	24.75	24.987829208374023
531.9	24.572407714673318	35.1875	24.875	24.75	24.987829208374023
535.79	24.572407714673318	35.5625	24.875	24.75	24.987829208374023
539.65	24.572407714673318	36.0	24.875	24.75	24.987829208374023
543.51	24.59293026106898	36.375	24.875	24.75	24.987829208374023
547.41	24.577538350835674	36.75	24.875	24.75	24.987829208374023
551.26	24.582668987289072	37.125	24.875	24.75	24.987829208374023
555.12	24.598060898395488	37.5625	24.875	24.75	24.999210357666016
559.02	24.582668987289072	37.875	24.875	24.8125	24.999210357666016
562.86	24.582668987289072	38.25	24.9375	24.75	24.999210357666016
566.78	24.598060898395488	38.5625	24.875	24.75	24.999210357666016
570.73	24.59293026106898	38.9375	24.875	24.75	24.999210357666016
574.64	24.582668987289072	39.25	24.875	24.8125	24.999210357666016
578.56	24.598060898395488	39.5	24.875	24.8125	24.999210357666016
582.47	24.582668987289072	39.8125	24.875	24.8125	24.999210357666016
586.5	24.608322173921625	40.125	24.875	24.8125	24.999210357666016
590.43	24.603191536013036	40.375	24.875	24.8125	24.999210357666016
594.34	24.598060898395488	40.6875	24.875	24.8125	24.999210357666016
598.19	24.598060898395488	40.9375	24.875	24.75	24.999210357666016
602.1	24.572407714673318	41.1875	24.875	24.75	24.999210357666016
606.01	24.572407714673318	41.4375	24.875	24.75	24.999210357666016
609.93	24.587799624033504	41.6875	24.875	24.75	24.999210357666016
613.85	24.59293026106898	41.9375	24.875	24.75	24.999210357666016
617.79	24.59293026106898	42.1875	24.875	24.75	25.010583877563477
621.68	24.582668987289072	42.4375	24.875	24.75	25.010583877563477
625.64	24.572407714673318	42.6875	24.8125	24.75	25.010583877563477
629.57	24.562146443221717	42.9375	24.8125	24.75	25.010583877563477
633.47	24.55188517293427	43.1875	24.8125	24.6875	25.010583877563477
637.38	24.562146443221717	43.375	24.8125	24.6875	25.010583877563477
641.3	24.572407714673318	43.625	24.8125	24.75	25.010583877563477
645.29	24.577538350835674	43.875	24.8125	24.6875	25.010583877563477
649.23	24.587799624033504	44.0625	24.8125	24.6875	25.010583877563477
653.11	24.582668987289072	44.3125	24.75	24.6875	25.010583877563477
656.97	24.572407714673318	44.5	24.8125	24.6875	25.010583877563477
660.83	24.572407714673318	44.6875	24.8125	24.6875	25.010583877563477
664.68	24.54162390381098	44.9375	24.8125	24.75	25.010583877563477
668.52	24.53136263585184	45.0625	24.8125	24.6875	25.010583877563477
672.38	24.526232002308824	45.3125	24.75	24.6875	25.010583877563477
676.26	24.54162390381098	45.4375	24.75	24.6875	25.00690269470215
680.12	24.54162390381098	45.625	24.75	24.6875	25.00690269470215
683.94	24.515970736095916	45.8125	24.75	24.6875	25.00690269470215
687.87	24.505709471047158	46.0	24.75	24.6875	25.00690269470215
691.72	24.52110136905685	46.125	24.75	24.6875	25.00690269470215
695.54	24.52110136905685	46.25	24.75	24.6875	25.00690269470215
699.39	24.52110136905685	46.375	24.75	24.6875	25.00690269470215
703.23	24.526232002308824	46.5625	24.75	24.6875	25.00690269470215
707.13	24.515970736095916	46.75	24.75	24.6875	25.00690269470215
711.0	24.510840103426016	46.875	24.75	24.6875	25.00690269470215
714.85	24.52110136905685	46.9375	24.75	24.6875	25.00690269470215
718.68	24.53136263585184	47.125	24.75	24.6875	25.00690269470215
722.52	24.54162390381098	47.25	24.75	24.6875	25.00690269470215
726.34	24.53136263585184	47.375	24.75	24.6875	25.00690269470215
730.21	24.526232002308824	47.5	24.75	24.6875	25.00690269470215
734.05	24.515970736095916	47.625	24.75	24.6875	25.00690269470215
737.89	24.52110136905685	47.75	24.75	24.6875	25.00690269470215
741.74	24.510840103426016	47.875	24.75	24.6875	25.00690269470215
745.65	24.500578838959335	47.9375	24.75	24.6875	25.00690269470215
749.49	24.505709471047158	48.0625	24.75	24.6875	25.00690269470215
753.35	24.52110136905685	48.1875	24.75	24.6875	25.00690269470215
757.23	24.515970736095916	48.3125	24.75	24.6875	25.00690269470215
761.11	24.52110136905685	48.375	24.75	24.75	25.00690269470215
765.0	24.510840103426016	48.5	24.75	24.75	25.00690269470215
768.88	24.52110136905685	48.625	24.75	24.75	25.00690269470215
772.76	24.536493269685888	48.6875	24.75	24.75	25.00690269470215
776.62	24.54162390381098	48.8125	24.75	24.75	25.00690269470215
780.53	24.55188517293427	48.875	24.75	24.75	25.00690269470215
784.36	24.53136263585184	49.0	24.75	24.75	25.00690269470215
788.23	24.52110136905685	49.0625	24.75	24.75	25.00690269470215
792.14	24.510840103426016	49.125	24.75	24.75	25.00690269470215
796.05	24.505709471047158	49.25	24.75	24.75	25.00690269470215
799.91	24.505709471047158	49.3125	24.75	24.75	25.00690269470215
803.83	24.49031757565681	49.375	24.75	24.75	25.00690269470215
807.74	24.49031757565681	49.5	24.75	24.75	25.00690269470215
811.65	24.49031757565681	49.5625	24.75	24.75	25.00690269470215
815.5	24.485186944442102	49.625	24.75	24.75	25.00690269470215
819.34	24.49031757565681	49.6875	24.75	24.75	25.00690269470215
823.26	24.49031757565681	49.8125	24.75	24.75	25.00690269470215
827.17	24.510840103426016	49.875	24.75	24.75	25.00690269470215
831.01	24.500578838959335	49.9375	24.75	24.75	25.00690269470215
834.89	24.510840103426016	50.0625	24.75	24.75	25.00690269470215
838.77	24.510840103426016	50.0625	24.75	24.75	25.00690269470215
842.51	24.510840103426016	50.125	24.75	24.75	25.00690269470215
846.38	24.515970736095916	50.1875	24.75	24.75	25.00690269470215
850.29	24.495448207162553	50.25	24.75	24.6875	25.00690269470215
854.15	24.52110136905685	50.3125	24.75	24.75	25.00690269470215
858.03	24.510840103426016	50.375	24.75	24.75	25.00690269470215
861.99	24.53136263585184	50.4375	24.75	24.75	25.00690269470215
865.87	24.53136263585184	50.4375	24.75	24.75	25.00690269470215
869.64	24.53136263585184	50.5625	24.75	24.75	25.00690269470215
873.5	24.55188517293427	50.625	24.75	24.75	25.00690269470215
877.37	24.54162390381098	50.625	24.75	24.75	25.00690269470215
881.17	24.510840103426016	50.75	24.75	24.75	25.00690269470215
885.02	24.469795052544214	50.625	24.75	24.75	25.00690269470215
888.93	24.44927253408823	50.625	24.6875	24.6875	25.00690269470215
892.77	24.444141905201832	50.5625	24.6875	24.6875	25.00690269470215
896.62	24.44927253408823	50.5	24.6875	24.6875	25.00690269470215
900.49	24.428750020288863	50.5	24.6875	24.6875	25.00690269470215
904.38	24.408227511146105	50.5	24.6875	24.6875	25.00690269470215
908.31	24.41335813799524	50.5	24.6875	24.6875	25.00690269470215
912.12	24.418488765135407	50.4375	24.6875	24.625	25.00690269470215
915.91	24.45440316326567	50.4375	24.6875	24.625	24.991849899291992
919.73	24.464664422493662	50.5	24.6875	24.625	24.991849899291992
923.52	24.45440316326567	50.5	24.6875	24.625	24.991849899291992
927.34	24.49031757565681	50.5625	24.6875	24.625	24.991849899291992
931.15	24.510840103426016	50.5625	24.6875	24.6875	24.991849899291992
934.95	24.526232002308824	50.625	24.6875	24.625	24.991849899291992
938.79	24.52110136905685	50.6875	24.6875	24.625	24.991849899291992
942.64	24.495448207162553	50.75	24.6875	24.625	24.991849899291992
946.42	24.505709471047158	50.75	24.6875	24.625	24.991849899291992
950.23	24.505709471047158	50.8125	24.6875	24.625	24.991849899291992
954.14	24.500578838959335	50.9375	24.6875	24.625	24.991849899291992
958.08	24.52110136905685	51.0	24.6875	24.625	24.991849899291992
961.95	24.53136263585184	51.0625	24.6875	24.625	24.991849899291992
965.82	24.55188517293427	51.125	24.6875	24.625	24.991849899291992
969.74	24.557015807932476	51.1875	24.6875	24.625	24.991849899291992
973.58	24.572407714673318	51.25	24.6875	24.625	24.991849899291992
977.5	24.572407714673318	51.3125	24.6875	24.625	25.00690269470215
981.42	24.582668987289072	51.375	24.6875	24.625	25.00690269470215
985.35	24.582668987289072	51.4375	24.6875	24.625	25.00690269470215
989.27	24.577538350835674	51.5	24.6875	24.625	25.00690269470215
993.17	24.598060898395488	51.5625	24.6875	24.625	25.00690269470215
997.02	24.59293026106898	51.625	24.6875	24.625	25.00690269470215
1000.95	24.61345281212125	51.6875	24.6875	24.625	25.00690269470215
1004.87	24.628844728466355	51.75	24.6875	24.625	25.00690269470215
1008.77	24.64423664743081	51.75	24.6875	24.625	25.00690269470215
1012.54	24.659628569014604	51.875	24.6875	24.625	25.00690269470215
1016.48	24.64423664743081	51.875	24.6875	24.625	25.00690269470215
1020.31	24.633975367830136	51.9375	24.75	24.625	25.00690269470215
1024.24	24.633975367830136	52.0	24.75	24.625	25.00690269470215
1028.16	24.6493672876677	52.0	24.75	24.625	25.00690269470215
1031.98	24.64423664743081	52.0625	24.6875	24.625	25.00690269470215
1035.9	24.623714089393616	52.125	24.6875	24.625	24.988170623779297
1039.82	24.628844728466355	52.125	24.6875	24.625	24.988170623779297
1043.67	24.623714089393616	52.1875	24.75	24.625	24.988170623779297
1047.56	24.618583450611915	52.25	24.75	24.625	24.988170623779297
1051.43	24.61345281212125	52.3125	24.75	24.625	24.988170623779297
1055.36	24.618583450611915	52.3125	24.75	24.6875	24.988170623779297
1059.2	24.64423664743081	52.375	24.75	24.6875	24.988170623779297
1063.09	24.66475921012461	52.4375	24.75	24.6875	24.988170623779297
1066.92	24.68528177747503	52.4375	24.75	24.6875	24.988170623779297
1070.71	24.66475921012461	52.4375	24.75	24.6875	24.988170623779297
1074.58	24.64423664743081	52.5	24.75	24.6875	24.988170623779297
1078.47	24.623714089393616	52.5	24.75	24.625	24.988170623779297
1082.31	24.618583450611915	52.5625	24.75	24.625	24.988170623779297
1086.23	24.603191536013036	52.5625	24.6875	24.625	24.988170623779297
1090.08	24.61345281212125	52.625	24.75	24.625	24.988170623779297
1093.98	24.603191536013036	52.625	24.75	24.625	24.988170623779297
1097.84	24.598060898395488	52.6875	24.75	24.625	25.003223419189453
1101.74	24.608322173921625	52.75	24.6875	24.625	25.003223419189453
1105.58	24.603191536013036	52.75	24.6875	24.625	25.003223419189453
1109.43	24.61345281212125	52.8125	24.6875	24.625	25.003223419189453
1113.32	24.623714089393616	52.75	24.6875	24.625	25.003223419189453
1117.11	24.587799624033504	52.8125	24.6875	24.625	25.003223419189453
1120.95	24.59293026106898	52.875	24.6875	24.625	25.003223419189453
1124.84	24.59293026106898	52.875	24.6875	24.625	25.003223419189453
1128.64	24.582668987289072	52.875	24.6875	24.625	25.003223419189453
1132.46	24.572407714673318	52.875	24.6875	24.625	25.003223419189453
1136.35	24.59293026106898	52.875	24.6875	24.625	25.003223419189453
1140.14	24.59293026106898	52.9375	24.6875	24.625	25.003223419189453
1144.06	24.623714089393616	53.0	24.6875	24.625	25.003223419189453
1147.97	24.628844728466355	53.0	24.6875	24.625	25.003223419189453
1151.74	24.618583450611915	53.0	24.6875	24.625	25.003223419189453
1155.51	24.623714089393616	53.0625	24.6875	24.625	25.003223419189453
1159.43	24.63910600748495	53.0625	24.6875	24.6875	25.003223419189453
1163.29	24.61345281212125	53.125	24.6875	24.6875	25.003223419189453
1167.16	24.608322173921625	53.125	24.6875	24.6875	25.003223419189453
1170.95	24.61345281212125	53.1875	24.75	24.6875	25.003223419189453
1174.89	24.598060898395488	53.1875	24.75	24.6875	25.003223419189453
1178.72	24.582668987289072	53.1875	24.75	24.6875	25.003223419189453
1182.56	24.572407714673318	53.1875	24.75	24.6875	25.003223419189453
1186.37	24.54162390381098	53.1875	24.75	24.6875	25.003223419189453
1190.15	24.52110136905685	53.25	24.75	24.6875	25.003223419189453
1194.05	24.510840103426016	53.1875	24.75	24.6875	25.003223419189453
1197.92	24.500578838959335	53.25	24.6875	24.6875	25.003223419189453
1201.74	24.510840103426016	53.25	24.75	24.6875	25.003223419189453
1205.59	24.510840103426016	53.3125	24.6875	24.625	25.003223419189453
1209.51	24.505709471047158	53.3125	24.6875	24.6875	25.003223419189453
1213.37	24.52110136905685	53.3125	24.6875	24.6875	25.003223419189453
1217.18	24.53136263585184	53.3125	24.6875	24.6875	24.999542236328125
1220.96	24.526232002308824	53.3125	24.6875	24.625	24.999542236328125
1224.8	24.536493269685888	53.375	24.6875	24.6875	24.999542236328125
1228.74	24.557015807932476	53.375	24.6875	24.625	24.999542236328125
1232.55	24.55188517293427	53.375	24.6875	24.625	24.999542236328125
1236.4	24.557015807932476	53.4375	24.6875	24.625	24.999542236328125
1240.31	24.557015807932476	53.4375	24.6875	24.625	24.999542236328125
1244.18	24.562146443221717	53.4375	24.6875	24.625	24.999542236328125
1247.99	24.572407714673318	53.5	24.6875	24.625	24.999542236328125
1252.02	24.623714089393616	53.5	24.6875	24.625	24.999542236328125
1255.83	24.64423664743081	53.5625	24.6875	24.625	24.999542236328125
1259.74	24.6493672876677	53.5625	24.6875	24.625	24.999542236328125
1263.6	24.64423664743081	53.5625	24.6875	24.625	24.999542236328125
1267.44	24.608322173921625	53.5625	24.6875	24.625	24.999542236328125
1271.29	24.587799624033504	53.5625	24.6875	24.625	24.999542236328125
1275.09	24.598060898395488	53.625	24.6875	24.625	24.999542236328125
1278.96	24.61345281212125	53.625	24.6875	24.625	24.999542236328125
1282.81	24.64423664743081	53.625	24.75	24.6875	24.999542236328125
1286.64	24.65449792819563	53.6875	24.75	24.6875	24.999542236328125
1290.62	24.66988985152566	53.625	24.75	24.6875	24.999542236328125
1294.49	24.675020493217744	53.6875	24.75	24.6875	24.999542236328125
1298.33	24.6493672876677	53.75	24.75	24.6875	24.999542236328125
1302.31	24.64423664743081	53.75	24.75	24.6875	24.999542236328125
1306.18	24.633975367830136	53.75	24.75	24.6875	24.999542236328125
1310.01	24.64423664743081	53.75	24.75	24.6875	24.999542236328125
1313.83	24.705804349482058	53.8125	24.75	24.6875	24.999542236328125
1317.76	24.716065637231804	53.6875	24.75	24.6875	24.999542236328125
1321.65	24.741718861699336	53.6875	24.75	24.6875	24.999542236328125
1325.44	24.78276403598138	53.625	24.75	24.6875	24.999542236328125
1329.29	24.79815598113928	53.4375	24.75	24.6875	24.999542236328125
1333.13	24.81867857875768	53.0625	24.75	24.6875	24.999542236328125
1336.97	24.839201181032696	52.8125	24.8125	24.75	24.999542236328125
1340.81	24.844331832329043	52.6875	24.75	24.75	24.999542236328125
1344.65	24.82893987931311	52.5625	24.8125	24.75	24.999542236328125
1348.51	24.813547928916524	52.5625	24.8125	24.75	24.999542236328125
1352.31	24.82893987931311	52.5625	24.8125	24.75	24.999542236328125
1356.17	24.808417279366402	52.5625	24.8125	24.75	24.999542236328125
1360.03	24.79815598113928	52.5625	24.8125	24.75	24.999542236328125
1363.84	24.803286630107323	52.625	24.8125	24.75	24.999542236328125
1367.69	24.81867857875768	52.625	24.875	24.75	24.999542236328125
1371.53	24.82893987931311	52.6875	24.875	24.75	24.999542236328125
1375.38	24.844331832329043	52.6875	24.875	24.8125	24.999542236328125
1379.21	24.834070530027383	52.75	24.875	24.8125	24.999542236328125
1383.05	24.808417279366402	52.75	24.875	24.8125	24.999542236328125
1386.92	24.79815598113928	52.75	24.875	24.8125	24.999542236328125
1390.72	24.78789468407631	52.75	24.875	24.8125	24.999542236328125
1394.58	24.808417279366402	52.75	24.875	24.8125	24.999542236328125
1398.41	24.803286630107323	52.75	24.9375	24.8125	25.014596939086914
1402.25	24.79815598113928	52.6875	24.875	24.8125	25.014596939086914
1406.06	24.78276403598138	52.625	24.875	24.8125	25.014596939086914
1409.93	24.78789468407631	52.625	24.9375	24.8125	25.014596939086914
1413.75	24.78789468407631	52.5625	24.9375	24.8125	25.014596939086914
1417.6	24.772502740664642	52.5625	24.9375	24.8125	25.014596939086914
1421.43	24.78789468407631	52.625	24.9375	24.875	25.014596939086914
1425.27	24.772502740664642	52.5625	24.9375	24.8125	25.014596939086914
1429.13	24.793025332462275	52.5625	24.9375	24.875	25.014596939086914
1432.96	24.79815598113928	52.5625	24.9375	24.875	25.014596939086914
1436.82	24.803286630107323	52.625	24.9375	24.875	25.014596939086914
1440.64	24.78789468407631	52.625	24.9375	24.875	25.014596939086914
1444.49	24.77763338817749	52.625	25.0	24.875	25.014596939086914
1448.32	24.79815598113928	52.6875	24.9375	24.875	25.014596939086914
1452.16	24.78276403598138	52.6875	24.9375	24.875	25.014596939086914
1456.01	24.77763338817749	52.6875	24.9375	24.875	25.025972366333008
1459.84	24.767372093442827	52.75	24.9375	24.875	25.025972366333008
1463.69	24.74684950746596	52.75	24.9375	24.875	25.025972366333008
1467.53	24.75198015352362	52.8125	24.9375	24.875	25.025972366333008
1471.37	24.757110799872315	52.875	24.9375	24.875	25.025972366333008
1475.21	24.762241446512053	52.875	24.9375	24.875	25.025972366333008
1479.05	24.77763338817749	52.9375	24.9375	24.875	25.025972366333008
1482.89	24.767372093442827	53.0	24.9375	24.875	25.025972366333008
1486.74	24.757110799872315	53.0	24.9375	24.875	25.025972366333008
1490.58	24.762241446512053	53.0	24.9375	24.875	25.025972366333008
1494.38	24.767372093442827	53.0625	24.9375	24.875	25.025972366333008
1498.25	24.767372093442827	53.0625	24.9375	24.875	25.025972366333008
1502.05	24.757110799872315	53.125	24.9375	24.875	25.025972366333008
1505.86	24.74684950746596	53.125	24.9375	24.875	25.025972366333008
1509.68	24.74684950746596	53.1875	25.0	24.875	25.025972366333008
1513.53	24.757110799872315	53.25	24.9375	24.875	25.025972366333008
1517.36	24.74684950746596	53.25	25.0	24.875	25.082509994506836
1521.18	24.75198015352362	53.3125	24.9375	24.875	25.082509994506836
1525.03	24.75198015352362	53.375	24.9375	24.875	25.082509994506836
1528.88	24.736588216223755	53.375	25.0	24.875	25.082509994506836
1532.76	24.721196281543236	53.375	25.0	24.875	25.082509994506836
1536.57	24.716065637231804	53.4375	25.0	24.875	25.082509994506836
1540.39	24.726326926145703	53.4375	25.0	24.875	25.082509994506836
1544.25	24.721196281543236	53.5	25.0	24.875	25.082509994506836
1548.09	24.74684950746596	53.5625	25.0	24.875	25.082509994506836
1551.94	24.741718861699336	53.5625	25.0	24.9375	25.082509994506836
1555.75	24.736588216223755	53.625	25.0	24.9375	25.082509994506836
1559.61	24.726326926145703	53.625	25.0	24.9375	25.082509994506836
1563.51	24.721196281543236	53.6875	25.0	24.9375	25.082509994506836
1567.37	24.736588216223755	53.6875	25.0	24.9375	25.082509994506836
1571.21	24.757110799872315	53.75	25.0	24.9375	25.082509994506836
1575.03	24.77763338817749	53.75	25.0625	24.9375	25.093887329101562
1578.88	24.74684950746596	53.75	25.0	24.9375	25.093887329101562
1582.72	24.74684950746596	53.8125	25.0625	24.9375	25.093887329101562
1586.6	24.75198015352362	53.8125	25.0	24.9375	25.093887329101562
1590.39	24.741718861699336	53.8125	25.0	24.9375	25.093887329101562
1594.25	24.74684950746596	53.875	25.0	24.9375	25.093887329101562
1598.15	24.74684950746596	53.875	25.0	24.9375	25.093887329101562
1602.02	24.762241446512053	53.9375	25.0	24.9375	25.093887329101562
1605.92	24.767372093442827	53.9375	25.0	24.9375	25.093887329101562
1609.77	24.762241446512053	53.9375	25.0	24.9375	25.093887329101562
1613.6	24.741718861699336	54.0	25.0	24.9375	25.093887329101562
1617.51	24.75198015352362	54.0	25.0625	25.0	25.093887329101562
1621.37	24.767372093442827	54.0	25.0	24.9375	25.093887329101562
1625.22	24.74684950746596	54.0	25.0625	24.9375	25.093887329101562
1629.09	24.75198015352362	54.0625	25.0	24.9375	25.093887329101562
1632.96	24.78789468407631	54.0	25.0625	24.9375	25.093887329101562
1636.81	24.77763338817749	54.0625	25.0625	24.9375	25.105262756347656
1640.72	24.77763338817749	54.0625	25.0625	25.0	25.105262756347656
1644.57	24.78276403598138	54.0625	25.0625	25.0	25.105262756347656
1648.45	24.77763338817749	54.125	25.0625	25.0	25.105262756347656
1652.33	24.77763338817749	54.125	25.0625	25.0	25.105262756347656
1656.17	24.767372093442827	54.125	25.0625	25.0	25.105262756347656
1660.01	24.736588216223755	54.125	25.0625	25.0	25.105262756347656
1663.8	24.736588216223755	54.1875	25.0625	25.0	25.105262756347656
1667.7	24.78789468407631	54.1875	25.0625	25.0	25.105262756347656
1671.52	24.78789468407631	54.1875	25.0625	25.0	25.105262756347656
1675.37	24.803286630107323	54.1875	25.0625	25.0	25.105262756347656
1679.21	24.79815598113928	54.1875	25.0625	25.0	25.105262756347656
1683.05	24.793025332462275	54.1875	25.0625	25.0	25.105262756347656
1686.89	24.79815598113928	54.25	25.0625	24.9375	25.105262756347656
1690.83	24.78276403598138	54.1875	25.0625	24.9375	25.105262756347656
1694.65	24.762241446512053	54.25	25.0625	25.0	25.105262756347656
1698.49	24.762241446512053	54.1875	25.0625	25.0	25.112953186035156
1702.33	24.757110799872315	54.25	25.0625	25.0	25.112953186035156
1706.17	24.75198015352362	54.25	25.0625	25.0	25.112953186035156
1709.99	24.74684950746596	54.25	25.0625	25.0	25.112953186035156
1713.84	24.74684950746596	54.25	25.0625	24.9375	25.112953186035156
1717.69	24.74684950746596	54.3125	25.0625	25.0	25.112953186035156
1721.69	24.741718861699336	54.3125	25.0625	25.0	25.112953186035156
1725.53	24.741718861699336	54.3125	25.0625	25.0	25.112953186035156
1729.36	24.75198015352362	54.3125	25.0625	25.0	25.112953186035156
1733.2	24.762241446512053	54.3125	25.0625	25.0	25.112953186035156
1737.06	24.762241446512053	54.3125	25.0625	25.0	25.112953186035156
1740.88	24.736588216223755	54.3125	25.0625	25.0	25.112953186035156
1744.69	24.74684950746596	54.375	25.0625	25.0	25.112953186035156
1748.57	24.74684950746596	54.3125	25.0625	25.0	25.112953186035156
1752.39	24.736588216223755	54.375	25.0625	25.0	25.112953186035156
1756.25	24.757110799872315	54.375	25.0625	25.0	25.124326705932617
1760.09	24.757110799872315	54.375	25.0625	25.0	25.124326705932617
1763.93	24.74684950746596	54.375	25.0625	25.0	25.124326705932617
1767.75	24.757110799872315	54.4375	25.0625	25.0	25.124326705932617
1771.68	24.757110799872315	54.4375	25.0625	25.0	25.124326705932617
1775.52	24.767372093442827	54.4375	25.0625	25.0	25.124326705932617
1779.38	24.772502740664642	54.4375	25.0625	25.0	25.124326705932617
1783.22	24.77763338817749	54.4375	25.0625	25.0	25.124326705932617
1787.05	24.78789468407631	54.4375	25.0625	25.0	25.124326705932617
1790.88	24.78276403598138	54.4375	25.0625	25.0	25.124326705932617
1794.74	24.772502740664642	54.4375	25.0625	24.9375	25.124326705932617
1798.56	24.772502740664642	54.4375	25.0625	24.9375	25.124326705932617
1802.49	24.757110799872315	54.4375	25.0	24.9375	25.124326705932617
1806.41	24.736588216223755	54.4375	25.0	24.9375	25.124326705932617
1810.29	24.757110799872315	54.4375	25.0	24.9375	25.124326705932617
1814.17	24.762241446512053	54.5	25.0	24.9375	25.124326705932617
1818.11	24.78789468407631	54.5	25.0	24.9375	25.120643615722656
1821.99	24.762241446512053	54.5	25.0	24.9375	25.120643615722656
1825.91	24.77763338817749	54.5	25.0	24.9375	25.120643615722656
1829.84	24.767372093442827	54.4375	25.0	24.9375	25.120643615722656
1833.8	24.77763338817749	54.5	25.0	24.9375	25.120643615722656
1837.69	24.77763338817749	54.5	25.0	24.9375	25.120643615722656
1841.61	24.772502740664642	54.4375	25.0	24.9375	25.120643615722656
1845.53	24.74684950746596	54.5	25.0	24.9375	25.120643615722656
1849.47	24.757110799872315	54.5	25.0	24.9375	25.120643615722656
1853.38	24.757110799872315	54.5	25.0	24.9375	25.120643615722656
1857.3	24.78276403598138	54.5	25.0625	24.9375	25.120643615722656
1861.23	24.82380922888988	54.5	25.0	24.9375	25.120643615722656
1865.14	24.869985093176364	54.5	25.0	24.9375	25.120643615722656
1869.07	24.88024639955256	54.5	25.0625	24.9375	25.120643615722656
1872.97	24.869985093176364	54.5	25.0	24.9375	25.120643615722656
1876.87	24.849462483916433	54.5	25.0	24.9375	25.158451080322266
1880.82	24.849462483916433	54.5	25.0	24.9375	25.158451080322266
1884.74	24.82893987931311	54.5	25.0	24.9375	25.158451080322266
1888.69	24.82380922888988	54.5625	25.0	24.875	25.158451080322266
1892.56	24.82893987931311	54.5	25.0	24.875	25.158451080322266
1896.5	24.82380922888988	54.5625	25.0	24.875	25.158451080322266
1900.42	24.82893987931311	54.5	25.0	24.875	25.158451080322266
1904.32	24.808417279366402	54.5625	25.0	24.875	25.158451080322266
1908.25	24.81867857875768	54.5625	25.0	24.875	25.158451080322266
1912.18	24.78789468407631	54.5	25.0	24.875	25.158451080322266
1916.1	24.78789468407631	54.5	24.9375	24.875	25.158451080322266
1920.0	24.79815598113928	54.5625	24.9375	24.875	25.158451080322266
1923.91	24.757110799872315	54.5	25.0	24.875	25.158451080322266
1927.86	24.772502740664642	54.5625	25.0	24.875	25.158451080322266
1931.77	24.772502740664642	54.5625	25.0	24.875	25.158451080322266
1935.72	24.767372093442827	54.5625	25.0	24.9375	25.188560485839844
1939.62	24.762241446512053	54.5625	25.0	24.9375	25.188560485839844
1943.53	24.767372093442827	54.5	25.0	24.9375	25.188560485839844
1947.53	24.74684950746596	54.5625	25.0625	24.9375	25.188560485839844
1951.46	24.731457571039208	54.5625	25.0	24.9375	25.188560485839844
1955.37	24.736588216223755	54.5	25.0	24.9375	25.188560485839844
1959.29	24.741718861699336	54.5625	25.0625	24.9375	25.188560485839844
1963.22	24.736588216223755	54.5625	25.0625	24.9375	25.188560485839844
1967.11	24.767372093442827	54.5625	25.0625	24.9375	25.188560485839844
1971.06	24.803286630107323	54.625	25.0625	24.9375	25.188560485839844
1974.97	24.85972378796432	54.625	25.0625	24.9375	25.188560485839844
1978.89	24.88024639955256	54.5625	25.0625	25.0	25.188560485839844
1982.82	24.849462483916433	54.625	25.0625	25.0	25.188560485839844
1986.75	24.839201181032696	54.5625	25.0625	25.0	25.188560485839844
1990.74	24.839201181032696	54.625	25.125	25.0	25.188560485839844
1994.63	24.834070530027383	54.625	25.125	25.0	25.188560485839844
1998.66	24.808417279366402	54.5625	25.125	25.0	25.184877395629883
2002.61	24.803286630107323	54.625	25.125	25.0	25.184877395629883
2006.52	24.81867857875768	54.5625	25.125	25.0	25.184877395629883
2010.42	24.81867857875768	54.625	25.125	25.0	25.184877395629883
2014.34	24.82380922888988	54.625	25.125	25.0	25.184877395629883
2018.26	24.81867857875768	54.625	25.125	25.0	25.184877395629883
2022.2	24.81867857875768	54.625	25.125	25.0	25.184877395629883
2026.1	24.813547928916524	54.625	25.125	25.0	25.184877395629883
2030.02	24.81867857875768	54.6875	25.125	25.0	25.184877395629883
2033.96	24.813547928916524	54.625	25.125	25.0	25.184877395629883
2037.87	24.813547928916524	54.625	25.125	25.0	25.184877395629883
2041.82	24.79815598113928	54.625	25.0625	25.0	25.184877395629883
2045.7	24.803286630107323	54.625	25.0625	25.0	25.184877395629883
2049.64	24.78789468407631	54.625	25.0625	25.0	25.184877395629883
2053.55	24.78789468407631	54.625	25.0625	25.0	25.184877395629883
2057.47	24.78276403598138	54.625	25.0625	24.9375	25.196250915527344
2061.44	24.78276403598138	54.625	25.0625	24.9375	25.196250915527344
2065.4	24.767372093442827	54.625	25.0	24.9375	25.196250915527344
2069.31	24.75198015352362	54.625	25.0	24.9375	25.196250915527344
2073.22	24.74684950746596	54.6875	25.0	24.9375	25.196250915527344
2077.15	24.74684950746596	54.6875	25.0	24.9375	25.196250915527344
2081.05	24.726326926145703	54.6875	25.0	24.9375	25.196250915527344
2084.99	24.726326926145703	54.6875	25.0	24.9375	25.196250915527344
2088.9	24.726326926145703	54.625	25.0625	24.9375	25.196250915527344
2092.82	24.74684950746596	54.6875	25.0	24.9375	25.196250915527344
2096.73	24.77763338817749	54.6875	25.0625	24.9375	25.196250915527344
2100.67	24.813547928916524	54.6875	25.0	24.9375	25.196250915527344
